<?xml version="1.0" encoding="UTF-8"?>
<project-private xmlns="http://www.netbeans.org/ns/project-private/1">
    <editor-bookmarks xmlns="http://www.netbeans.org/ns/editor-bookmarks/2" lastBookmarkId="0"/>
    <open-files xmlns="http://www.netbeans.org/ns/projectui-open-files/2">
        <group>
            <file>file:/C:/Users/usuario/Documents/GitHub/DAM2/ADAT/UD4/EmpresaHBU4A1/src/pojos/Empregado.java</file>
            <file>file:/C:/Users/usuario/Documents/GitHub/DAM2/ADAT/UD4/EmpresaHBU4A1/src/empresahbu4a1/Operaciones.java</file>
            <file>file:/C:/Users/usuario/Documents/GitHub/DAM2/ADAT/UD4/EmpresaHBU4A1/src/mapeo/Empregado.hbm.xml</file>
            <file>file:/C:/Users/usuario/Documents/GitHub/DAM2/ADAT/UD4/EmpresaHBU4A1/src/empresahbu4a1/EmpresaHBU4A1.java</file>
        </group>
    </open-files>
</project-private>
