<?xml version="1.0"?>
<!DOCTYPE hibernate-mapping PUBLIC "-//Hibernate/Hibernate Mapping DTD 3.0//EN"
"http://www.hibernate.org/dtd/hibernate-mapping-3.0.dtd">
<!-- Generated 28 ene. 2025 10:01:41 by Hibernate Tools 4.3.1 -->
<hibernate-mapping>
    <class name="pojos.Departamento" table="DEPARTAMENTO" schema="dbo" catalog="EmpresaHB" optimistic-lock="version">
        <id name="numDepartamento" type="int">
            <column name="Num_departamento" />
            <generator class="increment" />
        </id>
        <property name="nomeDepartamento" type="string">
            <column name="Nome_departamento" length="25" not-null="true" unique="true" />
        </property>
        <idbag name="lugares" table="lugar">
            <collection-id column="ID" type="java.lang.Integer">
                <generator class="increment"/>
            </collection-id>
            <key>
                <column name="Num_departamento" not-null="true"/>
            </key>
            <element column="Lugar" not-null="true" type="string" />
        </idbag>

        <!-- Mapeo del director de un departamento -->
        <many-to-one name="director" class="pojos.Empregado" cascade="all" lazy="proxy">
            <column name="Director" length="15"/>
        </many-to-one>

        <!-- Mapeo de los proyectos que controla un deparamento -->
        <bag name="proxectos" table="PROXECTO" inverse="true" lazy="true">
            <key>
                <column name="numdepartcontrola" sql-type="int" not-null="true"/>
            </key>
            <one-to-many class="pojos.Proxecto" />
        </bag>
    </class>
</hibernate-mapping>
