<?xml version="1.0"?>
<!DOCTYPE hibernate-mapping PUBLIC "-//Hibernate/Hibernate Mapping DTD 3.0//EN"
"http://www.hibernate.org/dtd/hibernate-mapping-3.0.dtd">
<!-- Generated 28 ene. 2025 10:01:41 by Hibernate Tools 4.3.1 -->
<hibernate-mapping>
    <class name="pojos.Empregado" table="EMPREGADO" schema="dbo" catalog="EmpresaHB" optimistic-lock="version">
        <id name="nss" type="string">
            <column name="NSS" length="15" />
            <generator class="assigned" />
        </id>
        <property name="nome" type="string">
            <column name="Nome" length="25" not-null="true" />
        </property>
        <property name="apelido1" type="string">
            <column name="Apelido_1" length="25" not-null="true" />
        </property>
        <property name="apelido2" type="string">
            <column name="Apelido_2" length="25" />
        </property>
        <property name="salario" type="java.lang.Double">
            <column name="Salario" precision="53" scale="0" />
        </property>
        <property name="dataNacemento" type="date">
            <column name="Data_nacemento" length="10" />
        </property>
        <property name="sexo" type="java.lang.Character">
            <column name="Sexo" length="1" />
        </property>
        <!--
        // Ej. A Cuando en la BD solo teníamos el teléfono
        // Mapeo de teléfono como set cuando no teniamos la tabla
        <set name="telefonos" table="telefono" cascade="all">
            <key>
                <column name="NSS" not-null="true"/>
            </key>
            <element column="Numero" type="string" not-null="true"/>
        </set>
        -->
        <!--
        //Ej. B Mapeo de los teléfonos con número e información como set de componentes
        <set name="telefonos" table="telefono">
            <key>
                <column name="NSS" not-null="true"/>
            </key>
            <composite-element class="pojos.Telefono">
                <property name="numero" column="numero" type="java.lang.String" not-null="true"/>
                <property name="informacion" column="informacion" type="java.lang.String"/>
            </composite-element>
        </set>
        -->
        <map name="telefonos" table="telefono">
            <key>
                <column name="NSS" not-null="true"/>
            </key>
            <map-key type="string" column="numero"/>
            <element column="informacion" type="string"/>
        </map>

        <list name="familiares" table="familiar">
            <key>
                <column name="NSS_Empregado" not-null="true" />
            </key>
            <list-index column="Numero" base="1" />
            <composite-element class="pojos.Familiar">
                <property name="nss" type="string">
                    <column name="NSS" not-null="true" unique="true"/>
                </property>
                <property name="nome" type="string">
                    <column name="Nome" length="25" not-null="true"/>
                </property>
                <property name="apelido1" type="string">
                    <column name="Apelido1" length="25" not-null="true"/>
                </property>
                <property name="apelido2" type="string">
                    <column name="Apelido2" length="25"/>
                </property>
                <property name="datanacemento" type="date">
                    <column name="Datanacemento" length="10"/>
                </property>
                <property name="parentesco" type="string">
                    <column name="Parentesco" length="20"/>
                </property>
                <property name="sexo" type="java.lang.Character">
                    <column name="Sexo" length="1"/>
                </property>
            </composite-element>
        </list>

        <bag name="aficiones" table="aficion">
            <key>
                <column name="NSS_Empregado" not-null="true"/>
            </key>
            <element column="Aficion" type="string" not-null="true"></element>
        </bag>

        <map name="horasextras" sort="pojos.OrderData" table="horasextra">
            <key>
                <column name="NSS_Empregado" not-null="true"/>
            </key>
            <map-key column="Data" type="date" />
            <element column="Horas" type="java.lang.Double"/>
        </map>

        <component name="enderezo" class="pojos.Enderezo">
            <property name="rua" type="java.lang.String">
                <column name="rua" length="30"></column>
            </property>
            <property name="cp" type="java.lang.String">
                <column name="cp" length="5"></column>
            </property>
            <property name="localidade" type="java.lang.String">
                <column name="localidade" length="30"></column>
            </property>
            <property name="provincia" type="java.lang.String">
                <column name="provincia" length="30"></column>
            </property>
        </component>

        <one-to-one name="vehiculo" class="pojos.Vehiculo" cascade="all" lazy="proxy"/>

        <bag name="proxectos" table="empregado_proxecto">
            <key>
                <column name="nss_empregado" not-null="true"/>
            </key>
            <many-to-many column="NumProxecto" class="pojos.Proxecto"></many-to-many>
        </bag>

    </class>
</hibernate-mapping>