<?xml version="1.0"?>
<!DOCTYPE hibernate-mapping PUBLIC "-//Hibernate/Hibernate Mapping DTD 3.0//EN"
"http://www.hibernate.org/dtd/hibernate-mapping-3.0.dtd">
<!-- Generated 28 ene. 2025 10:01:41 by Hibernate Tools 4.3.1 -->
<hibernate-mapping>
    <class name="pojos.Proxecto" table="PROXECTO" schema="dbo" catalog="EmpresaHB" optimistic-lock="version">
        <id name="numProxecto" type="int">
            <column name="Num_proxecto" />
            <generator class="increment" />
            <!--Magia de Borja para insertar proyectos sin método-->
            <!--<generator class="assigned" />-->
        </id>
        <property name="nomeProxecto" type="string">
            <column name="Nome_proxecto" length="25" not-null="true" unique="true" />
        </property>
        <property name="lugar" type="string">
            <column name="Lugar" length="25" not-null="true" />
        </property>

        <many-to-one name="getDepartamento" class="pojos.Departamento">
            <column name="NumDepartControla" not-null="true" />
        </many-to-one>

        <set name="empregados" table="empregado_proxecto" inverse="true">
            <key>
                <column name="NumProxecto" not-null="true"></column>
            </key>
            <many-to-many class="pojos.Empregado" column="NSS_Empregado"></many-to-many>
        </set>
    </class>
</hibernate-mapping>
