<?xml version="1.0" encoding="UTF-8"?>
<!DOCTYPE hibernate-mapping PUBLIC "-//Hibernate/Hibernate Mapping DTD 3.0//EN" "http://www.hibernate.org/dtd/hibernate-mapping-3.0.dtd">
<!-- Generated 09-feb-2023 8:57:24 by Hibernate Tools 3.6.0 -->
<hibernate-mapping>
    <class catalog="EMPRESAHB2_25" name="POJOS.Empregado" schema="dbo" table="EMPREGADO">
        <id name="nss" type="string">
            <column length="15" name="NSS"/>
            <generator class="assigned"/>
        </id>
    
        <property name="nome" type="string">
            <column length="25" name="Nome" not-null="true"/>
        </property>
        <property name="apelido1" type="string">
            <column length="25" name="Apelido1" not-null="true"/>
        </property>
        <property name="apelido2" type="string">
            <column length="25" name="Apelido2"/>
        </property>
        <!--mapeo de la dirección del empregado como clase componente -->
        <component class="POJOS.Enderezo" name="enderezo">
            <property name="rua" type="string">
                <column length="30" name="Rua"/>
            </property>
            <property name="numeroCalle" type="java.lang.Integer">
                <column name="Numero_Calle"/>
            </property>
            <property name="piso" type="string">
                <column length="4" name="Piso"/>
            </property>
            <property name="cp" type="string">
                <column length="5" name="CP"/>
            </property>
            <property name="localidade" type="string">
                <column length="25" name="Localidade"/>
            </property>
            <property name="provincia" type="string">
                <column length="15" name="Provincia"/>
            </property>
        </component>
        <property name="dataNacemento" type="timestamp">
            <column length="23" name="DataNacemento"/>
        </property>
        <property name="sexo" type="java.lang.Character">
            <column length="1" name="Sexo"/>
        </property>
        <!--Mapear los familiares como list -->
        <list name="familiares" table="FAMILIAR">
            <key>
                <column length="15" name="NSS_empregado" not-null="true"/>
            </key>
            <list-index base="1" column="Numero"/>
            <composite-element class="POJOS.Familiar">
                <property name="nss" type="string">
                    <column length="15" name="NSS" not-null="true"/>
                </property>
                <property name="nome" type="string">
                    <column length="25" name="Nome" not-null="true"/>
                </property>
                <property name="apelido1" type="string">
                    <column length="25" name="Apelido1" not-null="true"/>
                </property>
                <property name="apelido2" type="string">
                    <column length="25" name="Apelido2"/>
                </property>
                <property name="dataNacimento" type="date">
                    <column length="23" name="Data_nacimento"/>
                </property>
                <property name="parentesco" type="string">
                    <column length="20" name="Parentesco" not-null="true"/>
                </property>
                <property name="sexo" type="char">
                    <column length="1" name="Sexo" not-null="true"/>
                </property>
            </composite-element>
        </list>
        
        <!-- Mapear los telefonos como map de componentes        -->
        <map name="telefonos" table="TELEFONO">
            <key>
                <column length="15" name="NSS" not-null="true"/>
            </key>
            <map-key column="Telefono" type="string"/>
            <element column="Informacion" type="string"/>
        </map>
        <!--mapeo de las relaciones -->
        <!--mapeo de los proyectos de un empleado-->
        <set fetch="select" inverse="true" lazy="true" name="empregadoProxectos" table="EMPREGADO_PROXECTO">
            <key>
                <column length="15" name="NSSEmpregado" not-null="true"/>
            </key>
            <one-to-many class="POJOS.EmpregadoProxecto"/>
        </set>
        <!-- las ediciones que cursa un empleado-->
        <set fetch="select" inverse="true" lazy="true" name="ediciones" table="EDICIONCURSO_EMPREGADO">
            <key>
                <column length="15" name="nss" not-null="true"/>
            </key>
            <many-to-many class="POJOS.Edicion">
                <column name="Codigo" not-null="true"/>
                <column name="Numero" not-null="true"/>
            </many-to-many>
        </set>
        <!--Mapeo del departamento que pertenece un empleado-->
        <many-to-one class="POJOS.Departamento" fetch="select" name="departamento">
            <column name="NumDepartamentoPertenece"/>
        </many-to-one>
       
        <!--mapeo del vehiculo de un empleado-->
        <one-to-one class="POJOS.Vehiculo" name="vehiculo"/>
        <!-- mapear el supervisor de un empleado   -->
        <many-to-one class="POJOS.Empregado" fetch="select" name="supervisor">
            <column length="15" name="NSSSupervisa"/>
        </many-to-one>
        <!--mapeo con set de los empleados que supervisa un supervisor  -->
        <set fetch="select" inverse="true" lazy="true" name="supervisados" table="EMPREGADO">
            <key>
                <column length="15" name="NSSSupervisa"/>
            </key>
            <one-to-many class="POJOS.Empregado"/>
        </set>
        <joined-subclass name="POJOS.Empregadofixo" table="EMPREGADOFIXO">
            <key column="NSS"/>
            <property name="salario" type="java.lang.Double">
                <column name="Salario" precision="53" scale="0"/>
            </property>
            <property name="dataAlta" type="date">
                <column length="10" name="DataAlta"/>
            </property>
            <property name="categoria" type="string">
                <column length="20" name="Categoria"/>
            </property>
            <!--mapeo de las horas extras de un empleado fijo -->
            <map name="horasextras" sort="POJOS.OrdeData" table="HORASEXTRAS">
                <key>
                    <column length="15" name="NSS" not-null="true"/>
                </key>
                <map-key column="Data" type="date"/>
                <element column="HorasExtras" type="java.lang.Double"/>
            </map>
            <!--mapeo de la ediciones que imparte un profesor -->
            <set fetch="select" inverse="true" lazy="true" name="edicionprofesor" table="EDICION">
                <key>
                    <column length="15" name="Profesor" not-null="true"/>
                </key>
                <one-to-many class="POJOS.Edicion"/>
            </set>
            <!-- mapeo de los departamentos que puede ser director -->
            <set name="deptodirector" table="DEPARTAMENTO" inverse="true"  fetch="select"  lazy="true">
                <key>
                    <column length="15" name="NSSDirector" not-null="true"/>
                </key>
                <one-to-many class="POJOS.Departamento"/>
            </set>
  
        
        </joined-subclass>
        <joined-subclass name="POJOS.Empregadotemporal" table="EMPREGADOTEMPORAL">
            <key column="NSS"/>
            <property name="dataInicio" type="date">
            <column name="DataInicio" length="10" />
        </property>
        <property name="dataFin" type="date">
            <column name="DataFin" length="10" />
        </property>
        <property name="costeHora" type="java.lang.Double">
            <column name="CosteHora" precision="53" scale="0" />
        </property>
        <property name="numHoras" type="java.lang.Double">
            <column name="NumHoras" precision="53" scale="0" />
        </property>
        </joined-subclass>
    </class>
    
</hibernate-mapping>
