<?xml version="1.0"?>
<!DOCTYPE hibernate-mapping PUBLIC "-//Hibernate/Hibernate Mapping DTD 3.0//EN"
"http://www.hibernate.org/dtd/hibernate-mapping-3.0.dtd">
<!-- Generated 09-feb-2023 8:57:24 by Hibernate Tools 3.6.0 -->
<hibernate-mapping>
    <class name="POJOS.Proxecto" table="PROXECTO" schema="dbo" catalog="EMPRESAHB2_25">
        <id name="numProxecto" type="int">
            <column name="NumProxecto" />
            <generator class="increment" />
        </id>
        <many-to-one name="departamento" class="POJOS.Departamento" fetch="select">
            <column name="NumDepartControla" not-null="true" />
        </many-to-one>
        <property name="nomeProxecto" type="string">
            <column name="NomeProxecto" length="25" not-null="true" unique="true" />
        </property>
        <property name="lugar" type="string">
            <column name="Lugar" length="25" not-null="true" />
        </property>
        <!-- empleados de un proyecto como bag-->
        <bag name="empregadoProxectos" table="EMPREGADO_PROXECTO" inverse="true" lazy="true" fetch="select">
            <key>
                <column name="NumProxecto" not-null="true" />
            </key>
            <one-to-many class="POJOS.EmpregadoProxecto" />
        </bag>
    </class>
</hibernate-mapping>
